{"cameraMode":{"drawMode":0,"name":"Shaded","section":"Shading Mode"},"sceneLighting":true,"audioPlay":false,"sceneViewState":{"showFog":false,"showMaterialUpdate":false,"showSkybox":false,"showFlares":false,"showImageEffects":false,"showParticleSystems":true},"in2DMode":false,"pivot":{"x":5.355297088623047,"y":283.338623046875,"z":31.017425537109376},"rotation":{"x":0.19912636280059815,"y":-0.023024655878543855,"z":0.004722175654023886,"w":0.9798106551170349},"size":557.1674194335938,"orthographic":false}