{"cameraMode":{"drawMode":0,"name":"Shaded","section":"Shading Mode"},"sceneLighting":false,"audioPlay":false,"sceneViewState":{"showFog":false,"showMaterialUpdate":false,"showSkybox":false,"showFlares":false,"showImageEffects":false,"showParticleSystems":true},"in2DMode":false,"pivot":{"x":-3.1011242866516115,"y":5.113960266113281,"z":-1.2981948852539063},"rotation":{"x":0.14343176782131196,"y":0.334258496761322,"z":-0.05153174325823784,"w":0.9301047921180725},"size":2.8578836917877199,"orthographic":false}